"ID","Title","Improvement Description","RelatedTicket"
"10","improvement","abcxyz","17"
"11","improvement 2","asdfasdf","17"
"14","hoangngu",,"35"
"15","ngoag gn",,"33"
"16","improvement 1233",,"36"
"17","Improvementine",,"31"
"18","Improvement","Improvement","30"
"21","aklsjdflkaj","ajdlkjfklajsdf","19"
"22","lakjsdlfkj","alksdfjlajsdf","21"
"23","aksjdflcccdcdcdc","askjdflkjasdf","26"
"24","asd,fjaslk","asdfasd","26"
"25","no thing to improve",,"45"
"26","asdjflkasj","ajksdlfkjalsdf","20"
"27","fsfssfsfs","asdcsdcdcd","20"
"28","cjoiujoiujiou","jlkjalkdjf","21"
"29","nknlknkn","nknknkn","26"
"30","asjdflakjsdlf",,"25"
"35","Improvement 12",,"52"
"39","115","116","7"
"40","New Improvement 1","Improvement Description ...","57"
"41","allll","allll","58"
